e_gen_nom,e_gen_net,e_consume,ratio,energy_positive,mfc_factor,dc_dc_rel,cap_leak,pkt_loss,sensor_aging
0.5024591144157391,0.48017810925246696,0.39118707797600905,1.2274897006744063,True,1.0548490743557977,0.9923598049690066,0.0443439167964553,0.0348684014529682,0.85
0.37948752442822914,0.363760585293909,0.4026073284622982,0.9035120813206285,False,0.7656076887647827,1.032642462748794,0.04144257221107815,0.006405681633777294,0.9317564857941136
0.5856390840419713,0.564699790034727,0.4209084765715281,1.3416213297352386,True,1.1582916354753092,1.0533456236060752,0.035754604803226585,0.0411380806635415,1.0374007473801636
0.4085256520302737,0.40339755606354133,0.414424040246583,0.9733932322640334,False,0.8453273566810171,1.0068230983769793,0.012552690244167013,0.04138155859962911,0.9960059271210998
0.4555898907498341,0.4333443835669296,0.40983541266581414,1.0573619803818297,True,0.9667247745618531,0.9818157460162336,0.048827920975796135,0.04465605606610989,0.9657337742269514
0.44770548289347334,0.44244398061996565,0.41879137321830795,1.05647825842231,True,0.9366159609121187,0.9958401254658793,0.011752150631489152,0.007714474603377392,1.0344656802406307
0.7039023405072546,0.6876893478145797,0.42165174399787436,1.630941547387615,True,1.3854965681566829,1.0584387165542763,0.023033014325526076,0.018522985301743445,1.0492783538060397
0.5508261660518458,0.534836675563927,0.42173060393664474,1.2681950765998329,True,1.2032150126897605,0.953740188166934,0.02902819704903735,0.011345467452544207,1.052047423025976
0.5668483082898427,0.5453020616699686,0.4054184370603937,1.3450351829676088,True,1.1337857508166196,1.0415847745072297,0.038010604080089966,0.015618332069102054,0.9467592234169044
0.49302531083607704,0.4824089356051969,0.4174985106928258,1.155474626255922,True,1.0417890381520096,0.9859347973787718,0.021533124157209767,0.03412477519874878,1.0178876439019746
0.5054877169176044,0.48452161546961386,0.3963526176731832,1.222450903223582,True,1.122204441352941,0.9384202837188756,0.041476975100085536,0.03324254282960161,0.8834275344115466
0.45005719463430255,0.4353179800030188,0.4321157041121704,1.0074106908413056,True,0.9424591810556857,0.9948644719422925,0.03274964783811575,0.006989849906382873,1.1195953048987517
0.40372824265678653,0.3905628890319861,0.4169390644516833,0.936738536470828,False,0.8441503991752162,0.9963870257678915,0.032609444259247555,0.03824994287080128,1.0130202452084005
0.5345768915200642,0.5227317346608823,0.40727144736679716,1.2834971320493753,True,1.1055200196446702,1.0074008950931768,0.02215800392250449,0.0015408917283969703,0.9630118565868346
0.5477932484149866,0.5236157782623206,0.4020357947047668,1.3024108429122228,True,1.1544356586262876,0.9885660804655795,0.04413612293072665,0.011696974293267038,0.9264438171198711
0.5094620492778128,0.490878575023291,0.41637082320290797,1.178945660138327,True,1.0894889339296776,0.9741992197208355,0.0364766605890758,0.027851607617063918,1.0126831752861372
0.5278017361386741,0.5053380638861271,0.4088555452411375,1.2359819250784174,True,1.1126062709141207,0.9882983576800088,0.04256081538664139,0.008348645995385196,0.9709556922747943
0.45944267070009015,0.44635999966499895,0.41355649762789515,1.0793204851701286,True,0.9312871790803008,1.0277949188245563,0.028475089210055496,0.00806358895168009,1.000999529498215
0.5343350417695875,0.5194558140661071,0.40862957563089025,1.2712144324455965,True,1.0865343986030636,1.024540046884717,0.027846251022961226,0.019051061304824125,0.9661361350364677
0.4649400765666209,0.4586605973930392,0.40077178525555246,1.144443332258467,True,0.9856507220368482,0.9827265763191738,0.01350599677264404,0.005900295106025766,0.9202202537918814
0.5273851690794457,0.5165026824055522,0.41092865365359726,1.2569157147190597,True,1.0719593608102187,1.0249633917263437,0.020634798458380784,0.0484588188673862,0.971498882315086
0.54027969109443,0.528993430706015,0.4089822287296696,1.2934386717709214,True,1.1327528023240756,0.9936701877679736,0.020889662473806362,0.004819548107674965,0.972877353927955
0.5320432749090983,0.5202115555882775,0.4069756345680736,1.2782375931187675,True,1.1512554647423312,0.9627954205994038,0.0222382649660261,0.0289609784470948,0.9524680035442564
0.3665343638473351,0.35232070433401375,0.41434508461003855,0.8503074307388028,False,0.7397095862100782,1.0323149412294013,0.03877851823803747,0.021604651988755188,1.0017481716418755
0.6299767204351285,0.6215490349711341,0.4167924731091811,1.4912674174140277,True,1.2883202004377647,1.0187308251943525,0.013377772845595564,0.020790370108530482,1.0175997347177412
0.5847279735570924,0.5755004003780965,0.3983310746543822,1.4447790719753355,True,1.2446537635432786,0.9787326515415982,0.015780967554641877,0.0051701483861275824,0.9048989556541719
0.4472953852018191,0.43242619269747706,0.4218339905430815,1.0251098830152563,True,0.8848447241050454,1.0531400147970997,0.0332424455880158,0.017343490226741854,1.0508120757451525
0.4872129673015758,0.4729414580824521,0.42546246457835374,1.1115938477702174,True,0.9599999145222208,1.0573199016551806,0.02929213747771601,0.039136761362514316,1.0670501254315505
0.6517595678837924,0.6207924776031751,0.3908757421137879,1.5882092714324956,True,1.3594115605045216,0.9988383742943151,0.047513058198999314,0.02858640261880377,0.85
0.4925374283587856,0.47735402822996886,0.4123199648615009,1.1577271752783376,True,1.0481880632218905,0.978946124667819,0.03082689609886151,0.021945573015252337,0.9887367290866892
0.6004311734011818,0.5910584646641347,0.39334692225633755,1.5026390985181064,True,1.1918764415417757,1.049520096479971,0.015609963559944432,0.027701807176952472,0.8660253644236514
0.42600601129090176,0.4105092309235914,0.41643711532619926,0.9857652351713067,False,0.9124645763668005,0.972654222979876,0.03637690538767607,0.03634973071434413,1.010421961717831
0.5942847822551682,0.5828694275745743,0.40398735002874525,1.4427912842644723,True,1.1768931119841504,1.052001480642201,0.019208559635795232,0.001870627808808989,0.9419819148371398
0.691268202322652,0.6620067786146844,0.4254819556676533,1.555898598745236,True,1.3831245518383297,1.0412237178915515,0.042330058882572075,0.015856944641135767,1.0745258410299394
0.5142257907950503,0.5038185788425776,0.4209200416706291,1.1969460442960254,True,1.0692911738990554,1.0018821411539642,0.02023860362270411,0.046802178502448166,1.0356857761185665
0.43711417236639993,0.41539177370837965,0.4350353828082639,0.954845950752144,False,0.9181029735386597,0.9918871325003797,0.04969502256223349,0.0445838633127457,1.126327300512835
0.5181099139522122,0.5021757883945617,0.4165372633715602,1.2055963116716644,True,1.0287984904432188,1.049180829962233,0.03075433441545796,0.01579645259153965,1.0175506001091086
0.4374760597681884,0.43144822294158724,0.41715108966313136,1.0342732732401623,True,0.9260330984499273,0.9842072161092138,0.01377866672246061,0.0373394805674513,1.0146587549777526
0.3620895840591569,0.3566907134710919,0.4128055975749198,0.8640646240422075,False,0.77959557429031,0.9676213218757106,0.014910317296459441,0.04155563360624531,0.985638462937392
0.45244429490808247,0.4320922277221984,0.4022532884332465,1.0741794788183656,True,0.9310262821955222,1.0124228489401055,0.044982481633498585,0.009821733285728662,0.9284218384835339
0.5671712373139273,0.5501392850146909,0.4175948939864023,1.3173994532428466,True,1.1157988230440279,1.058978303257621,0.030029647448093694,0.007194875127562539,1.0270059639039146
0.5739191675424912,0.5526231237935527,0.41269023166655644,1.339074883265128,True,1.253346735036469,0.9539777772233151,0.0371063469445143,0.0060916252314265566,0.9961025278455906
0.41127318141250935,0.4038739548853047,0.4264919601756678,0.9469673349034599,False,0.8482185513472832,1.0101395761526129,0.017991026066402308,0.040206226309113136,1.073272203388481
0.34854824724602956,0.343337397919475,0.4092196559320043,0.8390051478282943,False,0.7612493108068785,0.9538822189446642,0.014950152146013786,0.04637812755032539,0.9612664453333137
0.45104448694101396,0.43457479212130345,0.413428184726844,1.0511494091977092,True,0.9410188430148471,0.9985730056689417,0.0365145685105433,0.0477811628523485,0.987639545660008
0.39493336952075875,0.3822133864812527,0.40095628120224136,0.9532545177624121,False,0.8747303298992735,0.940607436423282,0.03220792169307299,0.03169875558405426,0.9132489542213307
0.48288612755374216,0.459394066823258,0.4037643525319787,1.1377776763660021,True,1.0162881606930174,0.989889289914538,0.04864927648572727,0.029802127661718643,0.9317405319552944
0.4533142126933973,0.4345512935605309,0.428183932931671,1.0148706201684499,True,0.9482709949211483,0.9959227001944114,0.0413905379700875,0.0008918391988493868,1.0964682896710587
0.43247901266633076,0.4241297330040032,0.4009764216217252,1.057742326315936,True,0.8687649092061505,1.0371021360406452,0.01930562967865735,0.026538479529952676,0.9150068470512349
0.42742688490253194,0.4158712779129298,0.39254685358222635,1.0594181920396357,True,0.9047009030741068,0.9842730054258978,0.027035283454940398,0.03259655127899871,0.8593817286914696
0.3421129168939775,0.3354531776720728,0.43791144011722305,0.7660297195758952,False,0.7359318558296217,0.9684799453689198,0.019466494519903246,0.037300714012172324,1.1469530822657052
0.6913922379875403,0.6680388427628767,0.4350663619641506,1.5354872294583948,True,1.5229120904632731,0.9458198571193973,0.033777346550258075,0.007308662209634914,1.1382958115524473
0.3771634974428323,0.3594976046906062,0.4086874729034299,0.8796394030299849,False,0.8223657258829172,0.9554839916213929,0.046838818899498015,0.008276586136763908,0.969907514301592
0.44592282728905,0.4410863836867075,0.41605220922214453,1.0601707523951551,True,0.9759118663871126,0.9519362579581694,0.010845920653457602,0.0027697704582130057,1.0185735911701004
0.4369417191280299,0.42067499891374166,0.4183917883307634,1.0054571113646553,True,0.9000411006125771,1.0113929770138714,0.03722858107198026,0.019681522841601413,1.0281405126719363
0.5073082005597216,0.4849636763924187,0.41188627850326665,1.1774212973413547,True,1.0095679625640162,1.0468756177793261,0.044045265072888244,0.0021737531006395974,0.9922170721269209
0.6667340018314114,0.6489652092970517,0.3991555031961343,1.6258455767254387,True,1.376770295607507,1.0089040814678465,0.02665049702812769,0.0024627059963796996,0.9110070822413265
0.5502687465076523,0.5244095960032813,0.42488977798849414,1.234225022983448,True,1.2144057315559957,0.9439952333081381,0.046993674760722484,0.0049556570789937755,1.0741950785246543
0.5503897661023108,0.5272287949752164,0.4155902764927537,1.268626396711207,True,1.0817956608785853,1.059946335073324,0.042081035210943744,0.038973877038566446,1.0041973438684995
0.43398269384922766,0.4203370968976546,0.4327491202916555,0.9713182007495804,False,0.9474091865553601,0.9543190260516434,0.03144272143790549,0.025711143509520723,1.1177193578394526
0.2545313894292427,0.24547451841271453,0.408990834149362,0.60019564722829,False,0.5380014806323665,0.9856361870125442,0.03558253084948441,0.013323165875042304,0.9702468334942969
0.3248094244802286,0.3185396938940429,0.4247562277430487,0.7499353113351872,False,0.6837900791538551,0.9896111710743606,0.01930279762115495,0.018375590505756403,1.069106241095855
0.4448109356788996,0.4281617807569971,0.430057979799352,0.9955908293034358,False,0.9408654598378791,0.9849330099658661,0.03742973381823782,0.014843823728564265,1.1040035675759168
0.5290759141043455,0.5168360347755316,0.43622225417214067,1.1847997891725612,True,1.1048779435577873,0.9976138035375098,0.023134448200187552,0.02677173949150016,1.1395147620934234
0.5376356786362955,0.5208029017532415,0.4058120742990255,1.2833597981352427,True,1.0790187685728938,1.0380489784933846,0.03130889104262961,0.031645881463381036,0.9442060941359779
0.5444637746930968,0.523887440471517,0.41601671680985836,1.2592942045426538,True,1.1781251082270736,0.9628005741407148,0.03779192515273993,0.04303595341629471,1.0056318016983998
0.5517796701467753,0.5302444682457889,0.39347209437846714,1.3476037457837229,True,1.2108244768241174,0.9493869685287418,0.03902862513085708,0.004224660941176012,0.8742367795477407
0.501416246940946,0.4803390309592573,0.42247550850965027,1.1369630221967892,True,0.9879484288783239,1.057360030738635,0.04203536704340387,0.029684100223317706,1.0510027048718156
0.4430072223691716,0.4340871239143246,0.4060359076579283,1.069085555556403,True,0.8741925228558256,1.0557533828521664,0.02013533415356749,0.02950379476791546,0.9463087778082735
0.5110735192547683,0.49426062096877676,0.41797609636540817,1.1825092996147757,True,1.0561617048792238,1.0081188264340553,0.03289722056135399,0.023299257649061367,1.0243493383224207
0.5044111849129932,0.4894371695987776,0.4070643708241336,1.202358164159329,True,1.0129660431818641,1.0374055895640084,0.029686128623017165,0.029979672076130615,0.9527117259847115
0.5056369562653982,0.49880662998995995,0.4252592164793915,1.1729472534879972,True,1.1063631381028038,0.9521379457375139,0.013508360476430736,0.032893164252026395,1.0677267188674724
0.43988850675014735,0.4296190850703869,0.41816910239237254,1.0273812259502393,True,0.897230140926077,1.0214039266635742,0.023345510333129527,0.04491832736807679,1.0187520714158957
0.4948126574260375,0.4836409755635427,0.4182041483110238,1.156471014256541,True,1.0486617830707106,0.9830240022215068,0.022577599208170516,0.007880582431249982,1.0306715091482797
0.5619885386331401,0.5477517993655371,0.405472262255715,1.3508983236443735,True,1.179968364443853,0.9922380046498441,0.025332792911096393,0.0364842854338689,0.9405129416949949
0.42328652673197403,0.4109372343518824,0.43061798478034,0.9542964968393114,False,0.8519949968877424,1.035037686738674,0.029174782564981613,0.01881797367404131,1.1063168472349592
0.5852737530862788,0.5766473194934905,0.4125317764209838,1.3978252160265798,True,1.1542229168619749,1.0563993325004801,0.014739143088681655,0.04252668395953913,0.9835870648907165
0.3102814237633778,0.29866329124559216,0.4294721568141928,0.695419450380822,False,0.6393659874280275,1.0110322499961526,0.03744385460421795,0.000615134294430142,1.1047640547888422
0.3328275070778018,0.323394535409411,0.4196157799227388,0.7706920256167573,False,0.7115932826093935,0.9744198781680112,0.028341923271942043,0.02211570635339466,1.0351709284813595
0.543759941612107,0.5359170002797371,0.4161530720174148,1.2877881633355106,True,1.0943538117062988,1.0351617544289395,0.01442353643984442,0.04985173289187866,1.0043482868312306
0.45773579636663747,0.4512099572361666,0.40715953143577027,1.1081895974412312,True,0.9150803139450996,1.0421120724576172,0.014256781274855315,0.049955236523711935,0.9470100032729397
0.4667590282964401,0.44534350050873805,0.40422454701895666,1.1017230492136665,True,1.0248834577705628,0.9488050908730166,0.045881335955865014,0.0014499751602234713,0.9436261389704094
0.4805507749302808,0.47193537938171337,0.4217999206559982,1.1188607590246644,True,0.9676699455103375,1.0345959925865273,0.017928169088515918,0.04553191135654427,1.041693380458569
0.4287772585286895,0.4236034963418531,0.3982240132167668,1.063731674340973,True,0.9521490174552317,0.9381787292660876,0.012066316680575957,0.030296258882386386,0.8962822137540192
0.36731051444137053,0.36279653356174996,0.4114080119990775,0.8818411965262443,False,0.7332066284602923,1.043676105365384,0.012289277606130416,0.040048192682083816,0.977209274689394
0.5093995224403475,0.4872308582880436,0.4034388314099808,1.2076945012586355,True,1.0356022147495334,1.0247650979973297,0.04351920874621533,0.002007564977353321,0.93844358665543
0.6066511392749712,0.579931041828504,0.39479618577271275,1.4689378031690883,True,1.2436454601224916,1.0162514805720497,0.044045243990477406,0.007760649622054545,0.8815570789947987
0.39170960678365024,0.3766694511227767,0.3980753820951171,0.946226438671795,False,0.8401359063279425,0.971344843914725,0.038396187891252154,0.04901023924493409,0.8894254787698368
0.5214122765217885,0.5153148698561159,0.3922035242480861,1.3138965817404447,True,1.0707089442867854,1.0145386212409415,0.011694022063206685,0.04420728556834086,0.8535275339321976
0.5316148754712177,0.5223959669318639,0.40721384995546767,1.28285412440906,True,1.1670934584823272,0.9489651257280247,0.01734132915521276,0.04900135897770963,0.9476573378649955
0.5257846071191922,0.5084881201215657,0.42994080398854717,1.182693327556579,True,1.0770202793250852,1.017051042763472,0.03289652599834549,0.007256512733252485,1.1056529324422533
0.4547754827258056,0.4374980901785316,0.42860273081885575,1.0207543226397113,True,0.9382984928444117,1.0097521519759427,0.037991037783562644,0.03246165776226544,1.0891673955661902
0.5136595311723138,0.5002214912315749,0.4402518960500336,1.1362165517504685,True,1.0690078803728447,1.0010440923058677,0.02616137562963064,0.023708436474130908,1.1661584423243003
0.47251277122043533,0.46202857083916476,0.4182421093057991,1.1046916619802887,True,1.0124886043239,0.9722594432226572,0.022188184150433252,0.0213951606840675,1.0266456298094604
0.47249873660274716,0.4600477691267356,0.38999828348915505,1.1796148562780238,True,0.9953446873683058,0.9889763620731963,0.026351324377147885,0.0108814263348481,0.85
0.36122031589634707,0.35156272889252815,0.4280608687267336,0.8212914437571717,False,0.7988708596618705,0.9420074792846704,0.026736001766274414,0.023706633754508516,1.088479469592584
0.4001382331140057,0.38490093428719835,0.4169324169324346,0.9231734416793332,False,0.8268235990585071,1.00822148755399,0.038080087244414855,0.0323974241100605,1.0148260519532306
0.5526643909092023,0.5349980451487772,0.41414864248342653,1.291802001186535,True,1.1114508010555708,1.0359290277482442,0.03196577534398718,0.021570909758994505,1.0005071249889814
0.7055607625852112,0.6777135298647039,0.422488278940586,1.604100193179584,True,1.4675812707872498,1.0015924055758447,0.03946822753928881,0.04432014433618539,1.0464621676263837
0.4762980050024638,0.4562959577161465,0.4030879890964769,1.1320008783663722,True,0.9897790250093155,1.002534389342571,0.04199481643055346,0.015722534587210065,0.9318770248651386
0.5604845139074708,0.55363387049254,0.4193949837800758,1.3200774732748282,True,1.1198053425364172,1.042749151379933,0.012222716676275117,0.014030571806682796,1.0363172463446957
0.44278466809267647,0.4252027061456591,0.38949538408634177,1.0916758542417073,True,0.9444388500016457,0.9767366712252487,0.03970770266900343,0.0007341421780035385,0.85
0.3452249872189729,0.33965149690218804,0.39562465113960327,0.8585195485767037,False,0.730889050559103,0.9840326966489436,0.016144515962425394,0.030042020397254045,0.8797997235167282
0.23669297277413787,0.22490126523412207,0.4078877339549681,0.5513803101001115,False,0.4663848091885028,1.0573036476126216,0.04981857890334549,0.038605244567729284,0.9552342171160408
0.5335390407331809,0.5199265028860913,0.41350711113276084,1.2573580692767419,True,1.0837144377100552,1.0256757956855016,0.02551366780654599,0.03204443172930797,0.9931119478543161
0.5500452189146073,0.540941941845529,0.42468336923427413,1.2737535327104403,True,1.1423451019042146,1.0031360378709075,0.016550052170331835,0.008295343393826681,1.071825232672844
0.6250829611843511,0.5978526038917197,0.4130516550624467,1.4474039664635507,True,1.2932086505723184,1.006996178503556,0.04356278923526854,0.04951608321631363,0.9846924810643952
0.5932157970534643,0.5853841790988604,0.41811382269076647,1.4000593793614082,True,1.2526878505719803,0.98657158948024,0.013201971345847401,0.037766508639737226,1.0206583058658156
0.5883287539331017,0.5781876923193597,0.42092694599281777,1.373605795075959,True,1.2816492439005827,0.956334121726655,0.017237066089234726,0.045355181107810755,1.036186716051451
0.33575829387485673,0.325817195316172,0.39091221113873065,0.8334791956666272,False,0.7181633670075074,0.9740074162893161,0.029607901696063456,0.0293222586507398,0.85
0.39883828627734164,0.38139168958648173,0.41232971867193885,0.9249677438116647,False,0.8584181604812496,0.9679584317569642,0.04374353539050165,0.03187943502392295,0.9856618699640196
0.47316293092466327,0.46733151043450055,0.42278309418927873,1.1053694361423014,True,0.9543920375893573,1.032862877379941,0.012324339268857894,0.01833041924663062,1.0565479712719241
0.5603884360484538,0.5439674295532807,0.44045541149712947,1.235011343609808,True,1.119279874669387,1.0430598591608984,0.029302900343491756,0.03843137947296896,1.1628058642184853
0.49666296643097124,0.480032228047872,0.39948238752482096,1.2016355239642356,True,0.9843230492105483,1.0511940304839187,0.033484957621479225,0.04251371494168609,0.9004422569919139
0.3980948581413001,0.3795064131350019,0.4049517537764383,0.9371645130459566,False,0.8400164836184347,0.9873190633376926,0.04669350690206705,0.031541612018237124,0.938757177805623
0.5362738934399348,0.5303786746040557,0.4221838692477753,1.2562741337063783,True,1.1620332215235933,0.9614503762078375,0.010992925271942901,0.04637302292520134,1.043874233666384
0.5023494694508763,0.49717899822684286,0.40239309079684576,1.2355555043012685,True,1.0338352457474989,1.012309648944717,0.010292578251720625,0.013901105330040693,0.9280244170809797
0.5262986768920311,0.5079759524513988,0.41101285391920883,1.2359125696619933,True,1.0341718107107398,1.0602257434428168,0.03481430838632176,0.02387529368138664,0.9797986132557628
0.5255105109035224,0.5000083009066695,0.4014769643024707,1.2454221421530072,True,1.0654217808110331,1.0275869933397939,0.04852844894197519,0.03910025853690886,0.9142293582858513
0.5574618484807061,0.5420739235985392,0.41732669257618,1.298919846828603,True,1.1285913668735186,1.0290516878742235,0.027603547981094746,0.027655190120563763,1.0188358694647943
0.6567068050960619,0.6425684790357891,0.3940800747094308,1.6305530786086497,True,1.2900009067299316,1.0605722601789531,0.021529129819516213,0.03668767487189581,0.8678592681456586
0.382119014183865,0.3708128807384596,0.418476254654303,0.8861025604541949,False,0.7694075427677503,1.0346678909411473,0.029587989672676236,0.04927700847474631,1.019332777585667
0.3230328899842519,0.3095471435314372,0.4053306951193158,0.7636903576728056,False,0.680506829264417,0.9889470002742575,0.041747286022398904,0.004240963615591603,0.9497929970850464
0.44755852659435935,0.4283567782868889,0.39192860202277474,1.0929459500432106,True,0.8854092490415976,1.0530877084024861,0.042903323624697266,0.0018485363600587114,0.8651522146092153
0.500772741573036,0.48223802811460487,0.42037111763729307,1.1471721245385182,True,1.0968461991870853,0.9511602863893197,0.037012225146699364,0.03566290981558491,1.035705771803445
0.42258999104703115,0.4048264783790343,0.40541273053609395,0.9985539374743254,False,0.8548121972246729,1.0299289335595638,0.04203486368426528,0.0024481854911639622,0.9508818558885682
0.6324821726005136,0.6260435009225561,0.40649522177359276,1.5401005162890844,True,1.2612121928237916,1.0447656630781028,0.010180004997586365,0.02573146710581749,0.950426725269711
0.5142855794515862,0.4907182394990916,0.4015994905338407,1.221909516983666,True,1.0848045328119873,0.9876694446941735,0.04582539525534788,0.033580640442792936,0.9167531157990053
0.26637766617144515,0.25462141103216296,0.3901997823674726,0.6525411405595608,False,0.5656995404326918,0.9810039279261893,0.04413378684576238,0.014947182555945277,0.85
0.44041875020865234,0.42039629976577525,0.42074136319986677,0.9991798680513196,False,0.9441128842847302,0.9718531313443833,0.04546230248687477,0.009379684096974567,1.0463648913981183
0.5396086421345728,0.5167846728125312,0.41763388243683924,1.2374107909951175,True,1.0944113275514955,1.0272048934551958,0.04229726423905127,0.04993716850333824,1.0137568265949648
0.4303874833485423,0.4161869011935298,0.3995170800634078,1.0417249273234483,True,0.9392814708276689,0.9546026597537033,0.03299487718492134,0.049879001863145866,0.8983374329748331
0.32602387541084055,0.31082726669725075,0.41204458581774295,0.7543534787148908,False,0.6884791110087007,0.9865461366152243,0.046611950411422194,0.024845829806517474,0.9860661812956034
0.5903387823439417,0.5796659521537744,0.40213272123292587,1.4414791971579368,True,1.3002197700015135,0.9458958336059708,0.01807916150755126,0.0008834390499956103,0.9304762201708174
0.48562433951763645,0.4726021913171599,0.41515641577911916,1.1383714025718064,True,1.0319313006346493,0.9804115577973634,0.026815270860211085,0.0479604636422288,0.9985949738818043
0.39120299825169147,0.37325465478508796,0.39329765707379133,0.949038592200556,False,0.8375638429373478,0.9730676093889782,0.04587987195091981,0.011754855844032975,0.8707473328543458
0.5235769033536566,0.502794712989716,0.41788352235135695,1.203193440508443,True,1.0867720303945945,1.003692756910634,0.03969271797671907,0.029537239708188306,1.0217895804219392
0.4047975210200171,0.3955277817025448,0.4432992323753538,0.8922365590013935,False,0.8715025316734328,0.9676715077033329,0.022899693886746612,0.0077720782041711236,1.190608182614726
0.5351477511436048,0.5130178052551867,0.4219343908674824,1.2158710367278664,True,1.0756339477704888,1.0364968031426718,0.04135296437502854,0.021919312929209647,1.0500068160998524
0.6009852080651382,0.5753919298150844,0.40976990083141923,1.4041830028208993,True,1.2253105015417352,1.021824684622378,0.04258553772471531,0.045127698460961596,0.965167402164483
0.442014039144206,0.43579235283117207,0.4092848219224377,1.0647654872326482,True,0.9137614292358436,1.0077713417171965,0.014075766292581796,0.03264610632819992,0.9660181017765527
0.5028872621300963,0.4971373949836797,0.40499887406128077,1.2275031532765628,True,1.056533900296564,0.9916215616084709,0.011433710056726528,0.04798872611646102,0.9338635962466484
0.3993089870497119,0.39426922153165966,0.41160287285508157,0.9578874384350452,False,0.8591650598869398,0.9682583264381173,0.012621217356735298,0.02275589212058812,0.9839116276384936
0.5438204127914011,0.5359545863303284,0.42712538650057946,1.2547945012619879,True,1.2003338604988474,0.9438700603218607,0.014464014729969069,0.019225218899496407,1.083933889715308
0.38118649834190677,0.3727688092163564,0.4221059434646429,0.8831167032538617,False,0.8243274130993171,0.9633775676906015,0.022082862751345543,0.019706288858904877,1.051798775256758
0.4556023145934929,0.4353231901599744,0.41035780026057217,1.060838102464604,True,0.9975435774768466,0.9515087963748372,0.04451058254963512,6.16531255954067e-05,0.9831447988509474
0.3671244182019586,0.35711914676689704,0.4020993466666523,0.8881366003883496,False,0.7811396336612565,0.9791367701263297,0.027253080805857983,0.03902905687632922,0.9182175774682136
0.4612239512592476,0.4521381557632014,0.40260207765128203,1.123039797511491,True,0.9826877913538002,0.9778113051209663,0.019699314121133307,0.02399317002755326,0.9261690846483785
0.5934188847566426,0.5654003838224966,0.39906435787904415,1.4168150391267682,True,1.2630121960096592,0.9788419677568583,0.047215384703566024,0.0024284644923479037,0.9104371299783579
0.496027805745191,0.4901275744400332,0.4168346230253034,1.1758322062663222,True,1.0806064690100878,0.9563067514446842,0.011894960800219274,0.006910268581926538,1.0222514981163702
0.47442855918790156,0.469090601917932,0.3897331398206191,1.203620000428597,True,1.0284614352829196,0.961040246851419,0.011251340516065782,0.005531473378110163,0.85
0.5714523201951252,0.5522470561591678,0.4163483027401061,1.326406406666422,True,1.1803141715772714,1.0086515063038346,0.033607815310645044,0.04247176665448896,1.0079227856805761
0.5687690784129532,0.5593788491244386,0.40370190526767696,1.385623505426706,True,1.1675508807430952,1.0148898858033717,0.016509739444198306,0.038646869406764206,0.928549550273211
0.5061688063232757,0.4919058312592823,0.43690843211953395,1.1258785482187754,True,1.0020612325007179,1.052349210112835,0.028178297211946313,0.030171222716666075,1.1428134721657706
0.6007864210440655,0.587126962175075,0.420536699929121,1.396137274758735,True,1.2044887630399772,1.039144918227514,0.022735964713138386,0.03996067611207455,1.0354036499363242
0.5816523077717288,0.5684456447036874,0.4174722568838011,1.3616369359411304,True,1.2249397480678799,0.9892532617236546,0.022705425374542468,0.003905419654018194,1.0272633126401685
0.30630289256896787,0.3012122884899962,0.43591254828771414,0.6909924701024847,False,0.678949996651447,0.9398792684771858,0.016619510303271003,0.03625916604254344,1.134545329544066
0.6150000615160339,0.5869555800657595,0.4146228421911065,1.4156373463747134,True,1.3112191613594266,0.9771441463912474,0.04560077828470782,0.02969152740142238,1.000964254448146
0.509530329988788,0.5009102194487044,0.39790201345724024,1.2588783230737126,True,1.0365035098416002,1.0241369283662127,0.016917757457683123,0.025364635079102166,0.8957878306532429
0.4468386546066152,0.42462032492053303,0.4145924348078656,1.0241873446564809,True,0.9907845198730125,0.9395724752371946,0.049723383277220264,0.029231941706708276,1.0009156351273172
0.5253400865234321,0.5088191828014846,0.4126443141162644,1.2330696568331305,True,1.044781715764195,1.0475475375159615,0.03144801652445501,0.031089601493037827,0.9879158497914456
0.4204491544948786,0.41128748007932675,0.3922119828068959,1.0486356820001153,True,0.8657023138025476,1.011820951111358,0.021790207728110522,0.033181052333017595,0.8570633990905537
0.47501605361625804,0.46587141431048396,0.4156540587930948,1.1208152656158386,True,0.9779167652508771,1.0119642218357159,0.01925122158747409,0.04369442489519007,1.0031130565521167
0.40971189415169074,0.399122210124625,0.4308418438246242,0.9263775462976832,False,0.8478918409655528,1.0066926050112015,0.02584666000236996,0.033881038179989706,1.1029864889284053
0.5936135754033116,0.564326650585565,0.41676633807430336,1.3540600548333004,True,1.197996337061575,1.0323027796480944,0.049336683039717506,0.020963619395040257,1.017378495584842
0.47965563893399704,0.4648778311365922,0.4061254331300446,1.1446656456694615,True,0.9636250158299072,1.0370035695387974,0.030809202681839752,0.020398071518028263,0.94975471330197
0.5002567961254069,0.48159558482758064,0.3990643901649753,1.2068117243647987,True,1.0560615101746191,0.9868759050050695,0.037303263928368816,0.0074687078184075386,0.9088456799126741
0.42195488816132104,0.403237258605343,0.4006712393417021,1.0064043011119461,True,0.9133765977042259,0.9624427491124363,0.04435931442230855,0.04562913720709656,0.907033638981257
0.30579308717432335,0.29199122952617435,0.41246266476626897,0.7079215998656208,False,0.6190021991853044,1.0291868630703538,0.045134629352432065,0.01895263475186526,0.9905911315659903
0.6018051036996641,0.5769394765729454,0.40025278294322525,1.4414377642310676,True,1.2185541692071302,1.0288919970815995,0.0413184052010434,0.02849669093207632,0.9097775388086629
0.46761952396618534,0.4480150910058834,0.43116982245211993,1.0390687559207232,True,0.9316348278778189,1.0456965674151286,0.04192389743273332,0.004993123858036475,1.1141988226947603
0.6006759132451133,0.5711412880676928,0.4359525060963588,1.3100997931674996,True,1.3307296015877537,0.9403925118227433,0.049168985348291186,0.01885723401778404,1.1402952821360866
0.46572296356175713,0.45512064079176057,0.4251965211667011,1.0703771506477766,True,0.9832062430623715,0.9868287360187603,0.022765299543986643,0.030437056444912337,1.0681028459875832
0.4242214278756633,0.40410686078867497,0.42556648434963806,0.9495739811518328,False,0.8726923846087365,1.0127218444834636,0.047415254782659795,0.023382012831329825,1.0726881087913689
0.47629666287479555,0.469035830927557,0.41873912741386454,1.1201146494819465,True,1.0055954057988075,0.9867633728241398,0.015244347721048795,0.008143575027727746,1.033997271794892
0.3304238305837325,0.3238999854891303,0.41251177007475515,0.7851896818130385,False,0.6513459521130253,1.056862298981976,0.019743869814344298,0.004946225255241116,0.9953271004913053
0.47374151005920845,0.46517459406107525,0.4083510683276213,1.1391536110488738,True,1.0151165805966018,0.972264169608936,0.018083524065819118,0.009288306743554358,0.9674445000981953
0.41655279722115657,0.4116345897192992,0.4232866494133269,0.9724724138827026,False,0.8947226557120599,0.9699299799818167,0.011806924679577056,0.02407456701631404,1.0579426141964983
0.4851707405680319,0.47817085094107314,0.4108512482597106,1.1638539567946207,True,1.011340426300246,0.9994383195785773,0.014427682961184645,0.012621814527479364,0.9823226145770917
0.4932463877098996,0.47052466034161244,0.40148961675924527,1.1719472701177334,True,0.981384379556566,1.0470888496580775,0.04606567414265754,0.04922843041253771,0.9111116079265953
0.358470555514373,0.3529100529444161,0.40833891513762294,0.8642577032499447,False,0.789045113277857,0.9464777675628605,0.015511741437112207,0.015223326323801646,0.9654928449408392
0.2752580848219338,0.2657148189875179,0.40921657809599626,0.6493256461501056,False,0.5496940280512622,1.043224619725268,0.03467024716309236,0.02711822011511025,0.9673289098196218
0.4628105906542623,0.4424111372294412,0.40362114219242434,1.0961049632492341,True,1.0069446021365651,0.9575390031227823,0.044077326311791946,0.02921139300306091,0.9310145632419565
0.5129841419557921,0.4995469334745187,0.41303214715056114,1.2094625973324555,True,1.086197596933683,0.9839065796360347,0.026194198577061352,0.038000748587201746,0.9882046008065466
0.6512932717205614,0.6416370586243859,0.3991873936503555,1.607358019893759,True,1.2858896992868671,1.0551923570922623,0.014826213497747456,0.04480610412118152,0.8978386844023818
0.5070914008099385,0.4983797313458289,0.42100026557320613,1.1837990901674802,True,1.0125855245790685,1.0433098170084947,0.017179682893843497,0.020678396565498493,1.04444656709201
0.4374466988254204,0.4181756905580986,0.4030775645557985,1.0374571232187995,True,0.8880098139542335,1.0262806501669983,0.044053385976088155,0.04372875699277859,0.9229665308986649
0.509207174759844,0.49912901761442785,0.4025141631735551,1.2400284593196156,True,1.0952944132826299,0.9685508004832064,0.01979186006200582,0.008062703142596207,0.9306395794941259
0.5072997751805951,0.49172239449403277,0.4120848604266213,1.1932551804620162,True,1.0214606550029306,1.0346698391659614,0.03070646085150916,0.024530395775593596,0.9864224162863697
0.5115330065247184,0.5037217986277336,0.41894019334051447,1.202371619230883,True,1.0744826170942385,0.9918203855872113,0.0152701933156827,0.0062831926434268,1.0358659252778528
0.6135786397494825,0.6034281622271942,0.39992451013022823,1.5088551637675287,True,1.2097553563984917,1.0566506906131485,0.0165430751084044,0.027720827601996678,0.9079308392651546
0.44465673472646244,0.438094431749652,0.4264008037952726,1.0274240288721261,True,0.9841821863651883,0.9412568223451474,0.014758132429608453,0.04584242038145979,1.0709115167654362
0.5201176566639292,0.5065852095658848,0.41853456788340104,1.2103784213757314,True,1.0883380076188873,0.9956267664986591,0.026018049809811136,0.02659430456730341,1.0268673005546418
0.23582054055056917,0.22646681660222517,0.41983363067653484,0.5394203800140749,False,0.47249301234650043,1.039788483587983,0.03966458530926061,0.023437964850697626,1.0361414880752788
0.5109237416339272,0.504790476322354,0.4077713812032155,1.237925218863725,True,1.085955280708023,0.980173383422716,0.01200426758787735,0.017120183840531433,0.961277589474186
0.6949148284103831,0.665905320262394,0.4151702951754892,1.6039329595604164,True,1.4037256562325373,1.0313548230931076,0.0417454153544951,0.01059773055402713,1.0104821692954735
0.4002334324827676,0.39619413623885136,0.4122495443169646,0.9610541520313512,False,0.8195780834756557,1.0173767061580206,0.010092350903469681,0.0496684249205589,0.9795334342927341
0.4137048834649572,0.4074326200395087,0.4120443302124179,0.9888077329676355,False,0.8664054230804614,0.9947827551920643,0.01516120228728167,0.007616335507878786,0.9915054455501939
0.5256054347571927,0.5136393648854585,0.42866894284335716,1.198219216625523,True,1.0401619633131098,1.0527315562693744,0.022766259784322805,0.03630900641919506,1.0883743372322023
0.44991184847160537,0.43690428554241934,0.3961358151945699,1.1029153860471443,True,0.9257793630031486,1.0124619195894988,0.02891135891035993,0.04750305473122186,0.8775427794194635
